freqHz,wcetMs,phaseMs,c1RateDst,c1Init,c2RateSrc,c2Init,tickCount,worstCasePathMs,criticalPathThroughCnnMs,criticalPathExecutionThroughCnnMs
50,0,83/5,84/5,14/5,28/5,18,3000,98,98,5771/1500
50,1/4,83/5,84/5,14/5,28/5,18,3000,98,98,3073/750
50,1/2,83/5,84/5,14/5,28/5,18,3000,98,98,6521/1500
50,3/4,83/5,84/5,14/5,28/5,18,3000,98,98,1724/375
50,1,83/5,84/5,14/5,28/5,18,3000,98,98,7271/1500
50,5/4,83/5,84/5,14/5,28/5,18,3000,98,98,3823/750
50,3/2,83/5,84/5,14/5,28/5,18,3000,98,98,8021/1500
50,7/4,83/5,84/5,14/5,28/5,18,3000,98,98,2099/375
50,2,83/5,84/5,14/5,28/5,18,3000,98,98,8771/1500
50,9/4,83/5,84/5,14/5,28/5,18,3000,98,98,4573/750
50,5/2,83/5,84/5,14/5,28/5,18,3000,98,98,9521/1500
50,11/4,83/5,84/5,14/5,28/5,18,3000,98,98,2474/375
50,3,83/5,84/5,14/5,28/5,18,3000,98,98,10271/1500
50,13/4,83/5,84/5,14/5,28/5,18,3000,98,98,5323/750
50,7/2,83/5,84/5,14/5,28/5,18,3000,98,98,11021/1500
50,15/4,83/5,84/5,14/5,28/5,18,3000,98,98,2849/375
50,4,83/5,84/5,14/5,28/5,18,3000,98,98,11771/1500
50,17/4,83/5,84/5,14/5,28/5,18,3000,98,98,6073/750
50,9/2,83/5,84/5,14/5,28/5,18,3000,98,98,12521/1500
50,19/4,83/5,84/5,14/5,28/5,18,3000,98,98,3224/375
50,5,83/5,84/5,14/5,28/5,18,3000,98,98,13271/1500
100,0,83/5,42/5,14/5,14/5,18,3000,98,98,5771/1500
100,1/4,83/5,42/5,14/5,14/5,18,3000,98,98,3073/750
100,1/2,83/5,42/5,14/5,14/5,18,3000,98,98,6521/1500
100,3/4,83/5,42/5,14/5,14/5,18,3000,98,98,1724/375
100,1,83/5,42/5,14/5,14/5,18,3000,98,98,7271/1500
100,5/4,83/5,42/5,14/5,14/5,18,3000,98,98,3823/750
100,3/2,83/5,42/5,14/5,14/5,18,3000,98,98,8021/1500
100,7/4,83/5,42/5,14/5,14/5,18,3000,98,98,2099/375
100,2,83/5,42/5,14/5,14/5,18,3000,98,98,8771/1500
100,9/4,83/5,42/5,14/5,14/5,18,3000,98,98,4573/750
100,5/2,83/5,42/5,14/5,14/5,18,3000,98,98,9521/1500
100,11/4,83/5,42/5,14/5,14/5,18,3000,98,98,2474/375
100,3,83/5,42/5,14/5,14/5,18,3000,98,98,10271/1500
100,13/4,83/5,42/5,14/5,14/5,18,3000,98,98,5323/750
100,7/2,83/5,42/5,14/5,14/5,18,3000,98,98,11021/1500
100,15/4,83/5,42/5,14/5,14/5,18,3000,98,98,2849/375
100,4,83/5,42/5,14/5,14/5,18,3000,98,98,11771/1500
100,17/4,83/5,42/5,14/5,14/5,18,3000,98,98,6073/750
100,9/2,83/5,42/5,14/5,14/5,18,3000,98,98,12521/1500
100,19/4,83/5,42/5,14/5,14/5,18,3000,98,98,3224/375
100,5,83/5,42/5,14/5,14/5,18,3000,98,98,13271/1500
150,0,83/5,28/5,14/5,28/15,18,3000,98,98,5771/1500
150,1/4,83/5,28/5,14/5,28/15,18,3000,98,98,3073/750
150,1/2,83/5,28/5,14/5,28/15,18,3000,98,98,6521/1500
150,3/4,83/5,28/5,14/5,28/15,18,3000,98,98,1724/375
150,1,83/5,28/5,14/5,28/15,18,3000,98,98,7271/1500
150,5/4,83/5,28/5,14/5,28/15,18,3000,98,98,3823/750
150,3/2,83/5,28/5,14/5,28/15,18,3000,98,98,8021/1500
150,7/4,83/5,28/5,14/5,28/15,18,3000,98,98,2099/375
150,2,83/5,28/5,14/5,28/15,18,3000,98,98,8771/1500
150,9/4,83/5,28/5,14/5,28/15,18,3000,98,98,4573/750
150,5/2,83/5,28/5,14/5,28/15,18,3000,98,98,9521/1500
150,11/4,83/5,28/5,14/5,28/15,18,3000,98,98,2474/375
150,3,83/5,28/5,14/5,28/15,18,3000,98,98,10271/1500
150,13/4,83/5,28/5,14/5,28/15,18,3000,98,98,5323/750
150,7/2,83/5,28/5,14/5,28/15,18,3000,98,98,11021/1500
150,15/4,83/5,28/5,14/5,28/15,18,3000,98,98,2849/375
150,4,83/5,28/5,14/5,28/15,18,3000,98,98,11771/1500
150,17/4,83/5,28/5,14/5,28/15,18,3000,98,98,6073/750
150,9/2,83/5,28/5,14/5,28/15,18,3000,98,98,12521/1500
150,19/4,83/5,28/5,14/5,28/15,18,3000,98,98,3224/375
150,5,83/5,28/5,14/5,28/15,18,3000,98,98,13271/1500
75,0,83/5,56/5,42/5,56/15,18,6000,123,98,5771/1500
75,1/4,83/5,56/5,42/5,56/15,18,6000,123,98,3073/750
75,1/2,83/5,56/5,42/5,56/15,18,6000,123,98,6521/1500
75,3/4,83/5,56/5,42/5,56/15,18,6000,123,98,1724/375
75,1,83/5,56/5,42/5,56/15,18,6000,123,98,7271/1500
75,5/4,83/5,56/5,42/5,56/15,18,6000,123,98,3823/750
75,3/2,83/5,56/5,42/5,56/15,18,6000,123,98,8021/1500
75,7/4,83/5,56/5,42/5,56/15,18,6000,123,98,2099/375
75,2,83/5,56/5,42/5,56/15,18,6000,123,98,8771/1500
75,9/4,83/5,56/5,42/5,56/15,18,6000,123,98,4573/750
75,5/2,83/5,56/5,42/5,56/15,18,6000,123,98,9521/1500
75,11/4,83/5,56/5,42/5,56/15,18,6000,123,98,2474/375
75,3,83/5,56/5,42/5,56/15,18,6000,123,98,10271/1500
75,13/4,83/5,56/5,42/5,56/15,18,6000,123,98,5323/750
75,7/2,83/5,56/5,42/5,56/15,18,6000,123,98,11021/1500
75,15/4,83/5,56/5,42/5,56/15,18,6000,123,98,2849/375
75,4,83/5,56/5,42/5,56/15,18,6000,123,98,11771/1500
75,17/4,83/5,56/5,42/5,56/15,18,6000,123,98,6073/750
75,9/2,83/5,56/5,42/5,56/15,18,6000,123,98,12521/1500
75,19/4,83/5,56/5,42/5,56/15,18,6000,123,98,3224/375
75,5,83/5,56/5,42/5,56/15,18,6000,123,98,13271/1500
400,0,83/5,21/10,1,7/10,18,3000,98,98,5771/1500
400,1/4,83/5,21/10,1,7/10,18,3000,98,98,3073/750
400,1/2,83/5,21/10,1,7/10,18,3000,98,98,6521/1500
400,3/4,83/5,21/10,1,7/10,18,3000,98,98,1724/375
400,1,83/5,21/10,1,7/10,18,3000,98,98,7271/1500
400,5/4,83/5,21/10,1,7/10,18,3000,98,98,3823/750
400,3/2,83/5,21/10,1,7/10,18,3000,98,98,8021/1500
125,0,83/5,168/25,154/25,56/25,18,6000,123,98,5771/1500
125,1/4,83/5,168/25,154/25,56/25,18,6000,123,98,3073/750
125,1/2,83/5,168/25,154/25,56/25,18,6000,123,98,6521/1500
125,3/4,83/5,168/25,154/25,56/25,18,6000,123,98,1724/375
125,1,83/5,168/25,154/25,56/25,18,6000,123,98,7271/1500
125,5/4,83/5,168/25,154/25,56/25,18,6000,123,98,3823/750
125,3/2,83/5,168/25,154/25,56/25,18,6000,123,98,8021/1500
125,7/4,83/5,168/25,154/25,56/25,18,6000,123,98,2099/375
125,2,83/5,168/25,154/25,56/25,18,6000,123,98,8771/1500
125,9/4,83/5,168/25,154/25,56/25,18,6000,123,98,4573/750
125,5/2,83/5,168/25,154/25,56/25,18,6000,123,98,9521/1500
125,11/4,83/5,168/25,154/25,56/25,18,6000,123,98,2474/375
125,3,83/5,168/25,154/25,56/25,18,6000,123,98,10271/1500
125,13/4,83/5,168/25,154/25,56/25,18,6000,123,98,5323/750
125,7/2,83/5,168/25,154/25,56/25,18,6000,123,98,11021/1500
125,15/4,83/5,168/25,154/25,56/25,18,6000,123,98,2849/375
125,4,83/5,168/25,154/25,56/25,18,6000,123,98,11771/1500
125,17/4,83/5,168/25,154/25,56/25,18,6000,123,98,6073/750
125,9/2,83/5,168/25,154/25,56/25,18,6000,123,98,12521/1500
125,19/4,83/5,168/25,154/25,56/25,18,6000,123,98,3224/375
125,5,83/5,168/25,154/25,56/25,18,6000,123,98,13271/1500
250,0,83/5,84/25,14/5,28/25,18,3000,98,98,5771/1500
250,1/4,83/5,84/25,14/5,28/25,18,3000,98,98,3073/750
250,1/2,83/5,84/25,14/5,28/25,18,3000,98,98,6521/1500
250,3/4,83/5,84/25,14/5,28/25,18,3000,98,98,1724/375
250,1,83/5,84/25,14/5,28/25,18,3000,98,98,7271/1500
250,5/4,83/5,84/25,14/5,28/25,18,3000,98,98,3823/750
250,3/2,83/5,84/25,14/5,28/25,18,3000,98,98,8021/1500
250,7/4,83/5,84/25,14/5,28/25,18,3000,98,98,2099/375
250,2,83/5,84/25,14/5,28/25,18,3000,98,98,8771/1500
250,9/4,83/5,84/25,14/5,28/25,18,3000,98,98,4573/750
250,5/2,83/5,84/25,14/5,28/25,18,3000,98,98,9521/1500
250,11/4,83/5,84/25,14/5,28/25,18,3000,98,98,2474/375
250,3,83/5,84/25,14/5,28/25,18,3000,98,98,10271/1500
250,13/4,83/5,84/25,14/5,28/25,18,3000,98,98,5323/750
250,7/2,83/5,84/25,14/5,28/25,18,3000,98,98,11021/1500
250,15/4,83/5,84/25,14/5,28/25,18,3000,98,98,2849/375
300,0,83/5,14/5,1,14/15,18,3000,98,98,5771/1500
300,1/4,83/5,14/5,1,14/15,18,3000,98,98,3073/750
300,1/2,83/5,14/5,1,14/15,18,3000,98,98,6521/1500
300,3/4,83/5,14/5,1,14/15,18,3000,98,98,1724/375
300,1,83/5,14/5,1,14/15,18,3000,98,98,7271/1500
300,5/4,83/5,14/5,1,14/15,18,3000,98,98,3823/750
300,3/2,83/5,14/5,1,14/15,18,3000,98,98,8021/1500
300,7/4,83/5,14/5,1,14/15,18,3000,98,98,2099/375
300,2,83/5,14/5,1,14/15,18,3000,98,98,8771/1500
300,9/4,83/5,14/5,1,14/15,18,3000,98,98,4573/750
300,5/2,83/5,14/5,1,14/15,18,3000,98,98,9521/1500
300,11/4,83/5,14/5,1,14/15,18,3000,98,98,2474/375
300,3,83/5,14/5,1,14/15,18,3000,98,98,10271/1500
500,0,83/5,42/25,28/25,14/25,18,3000,98,98,5771/1500
500,1/4,83/5,42/25,28/25,14/25,18,3000,98,98,3073/750
500,1/2,83/5,42/25,28/25,14/25,18,3000,98,98,6521/1500
500,3/4,83/5,42/25,28/25,14/25,18,3000,98,98,1724/375
500,1,83/5,42/25,28/25,14/25,18,3000,98,98,7271/1500
500,5/4,83/5,42/25,28/25,14/25,18,3000,98,98,3823/750
500,3/2,83/5,42/25,28/25,14/25,18,3000,98,98,8021/1500
500,7/4,83/5,42/25,28/25,14/25,18,3000,98,98,2099/375
200,0,83/5,21/5,14/5,7/5,18,3000,98,98,5771/1500
200,1/4,83/5,21/5,14/5,7/5,18,3000,98,98,3073/750
200,1/2,83/5,21/5,14/5,7/5,18,3000,98,98,6521/1500
200,3/4,83/5,21/5,14/5,7/5,18,3000,98,98,1724/375
200,1,83/5,21/5,14/5,7/5,18,3000,98,98,7271/1500
200,5/4,83/5,21/5,14/5,7/5,18,3000,98,98,3823/750
200,3/2,83/5,21/5,14/5,7/5,18,3000,98,98,8021/1500
200,7/4,83/5,21/5,14/5,7/5,18,3000,98,98,2099/375
200,2,83/5,21/5,14/5,7/5,18,3000,98,98,8771/1500
200,9/4,83/5,21/5,14/5,7/5,18,3000,98,98,4573/750
200,5/2,83/5,21/5,14/5,7/5,18,3000,98,98,9521/1500
200,11/4,83/5,21/5,14/5,7/5,18,3000,98,98,2474/375
200,3,83/5,21/5,14/5,7/5,18,3000,98,98,10271/1500
200,13/4,83/5,21/5,14/5,7/5,18,3000,98,98,5323/750
200,7/2,83/5,21/5,14/5,7/5,18,3000,98,98,11021/1500
200,15/4,83/5,21/5,14/5,7/5,18,3000,98,98,2849/375
200,4,83/5,21/5,14/5,7/5,18,3000,98,98,11771/1500
200,17/4,83/5,21/5,14/5,7/5,18,3000,98,98,6073/750
200,9/2,83/5,21/5,14/5,7/5,18,3000,98,98,12521/1500
200,19/4,83/5,21/5,14/5,7/5,18,3000,98,98,3224/375
600,0,83/5,7/5,1,7/15,18,3000,98,98,5771/1500
600,1/4,83/5,7/5,1,7/15,18,3000,98,98,3073/750
600,1/2,83/5,7/5,1,7/15,18,3000,98,98,6521/1500
600,3/4,83/5,7/5,1,7/15,18,3000,98,98,1724/375
600,1,83/5,7/5,1,7/15,18,3000,98,98,7271/1500
600,5/4,83/5,7/5,1,7/15,18,3000,98,98,3823/750
600,3/2,83/5,7/5,1,7/15,18,3000,98,98,8021/1500
375,0,83/5,56/25,42/25,56/75,18,6000,123,98,5771/1500
375,1/4,83/5,56/25,42/25,56/75,18,6000,123,98,3073/750
375,1/2,83/5,56/25,42/25,56/75,18,6000,123,98,6521/1500
375,3/4,83/5,56/25,42/25,56/75,18,6000,123,98,1724/375
375,1,83/5,56/25,42/25,56/75,18,6000,123,98,7271/1500
375,5/4,83/5,56/25,42/25,56/75,18,6000,123,98,3823/750
375,3/2,83/5,56/25,42/25,56/75,18,6000,123,98,8021/1500
375,7/4,83/5,56/25,42/25,56/75,18,6000,123,98,2099/375
375,2,83/5,56/25,42/25,56/75,18,6000,123,98,8771/1500
375,9/4,83/5,56/25,42/25,56/75,18,6000,123,98,4573/750
450,0,83/5,28/15,1,28/45,18,9000,98,98,5771/1500
450,1/4,83/5,28/15,1,28/45,18,9000,98,98,3073/750
450,1/2,83/5,28/15,1,28/45,18,9000,98,98,6521/1500
450,3/4,83/5,28/15,1,28/45,18,9000,98,98,1724/375
450,1,83/5,28/15,1,28/45,18,9000,98,98,7271/1500
450,5/4,83/5,28/15,1,28/45,18,9000,98,98,3823/750
450,3/2,83/5,28/15,1,28/45,18,9000,98,98,8021/1500
450,7/4,83/5,28/15,1,28/45,18,9000,98,98,2099/375
450,2,83/5,28/15,1,28/45,18,9000,98,98,8771/1500
625,0,83/5,168/125,1,56/125,18,6000,123,98,5771/1500
625,1/4,83/5,168/125,1,56/125,18,6000,123,98,3073/750
625,1/2,83/5,168/125,1,56/125,18,6000,123,98,6521/1500
625,3/4,83/5,168/125,1,56/125,18,6000,123,98,1724/375
625,1,83/5,168/125,1,56/125,18,6000,123,98,7271/1500
750,0,83/5,28/25,1,28/75,18,3000,98,98,5771/1500
750,1/4,83/5,28/25,1,28/75,18,3000,98,98,3073/750
750,1/2,83/5,28/25,1,28/75,18,3000,98,98,6521/1500
750,3/4,83/5,28/25,1,28/75,18,3000,98,98,1724/375
750,1,83/5,28/25,1,28/75,18,3000,98,98,7271/1500
700,0,83/5,6/5,1,2/5,18,21000,98,98,5771/1500
700,1/4,83/5,6/5,1,2/5,18,21000,98,98,3073/750
700,1/2,83/5,6/5,1,2/5,18,21000,98,98,6521/1500
700,3/4,83/5,6/5,1,2/5,18,21000,98,98,1724/375
700,1,83/5,6/5,1,2/5,18,21000,98,98,7271/1500
700,5/4,83/5,6/5,1,2/5,18,21000,98,98,3823/750
350,0,83/5,12/5,1,4/5,18,21000,98,98,5771/1500
350,1/4,83/5,12/5,1,4/5,18,21000,98,98,3073/750
350,1/2,83/5,12/5,1,4/5,18,21000,98,98,6521/1500
350,3/4,83/5,12/5,1,4/5,18,21000,98,98,1724/375
350,1,83/5,12/5,1,4/5,18,21000,98,98,7271/1500
350,5/4,83/5,12/5,1,4/5,18,21000,98,98,3823/750
800,0,83/5,21/20,1,7/20,18,6000,98,98,5771/1500
800,1/4,83/5,21/20,1,7/20,18,6000,98,98,3073/750
800,1/2,83/5,21/20,1,7/20,18,6000,98,98,6521/1500
800,3/4,83/5,21/20,1,7/20,18,6000,98,98,1724/375
800,1,83/5,21/20,1,7/20,18,6000,98,98,7271/1500
225,0,83/5,56/15,1,56/45,18,18000,123,98,5771/1500
225,1/4,83/5,56/15,1,56/45,18,18000,123,98,3073/750
225,1/2,83/5,56/15,1,56/45,18,18000,123,98,6521/1500
225,3/4,83/5,56/15,1,56/45,18,18000,123,98,1724/375
225,1,83/5,56/15,1,56/45,18,18000,123,98,7271/1500
225,5/4,83/5,56/15,1,56/45,18,18000,123,98,3823/750
225,3/2,83/5,56/15,1,56/45,18,18000,123,98,8021/1500
225,7/4,83/5,56/15,1,56/45,18,18000,123,98,2099/375
225,2,83/5,56/15,1,56/45,18,18000,123,98,8771/1500
550,0,83/5,84/55,14/11,28/55,18,33000,98,98,5771/1500
550,1/4,83/5,84/55,14/11,28/55,18,33000,98,98,3073/750
550,1/2,83/5,84/55,14/11,28/55,18,33000,98,98,6521/1500
550,3/4,83/5,84/55,14/11,28/55,18,33000,98,98,1724/375
550,1,83/5,84/55,14/11,28/55,18,33000,98,98,7271/1500
550,5/4,83/5,84/55,14/11,28/55,18,33000,98,98,3823/750
550,3/2,83/5,84/55,14/11,28/55,18,33000,98,98,8021/1500
650,0,83/5,84/65,1,28/65,18,39000,98,98,5771/1500
650,1/4,83/5,84/65,1,28/65,18,39000,98,98,3073/750
650,1/2,83/5,84/65,1,28/65,18,39000,98,98,6521/1500
650,3/4,83/5,84/65,1,28/65,18,39000,98,98,1724/375
650,1,83/5,84/65,1,28/65,18,39000,98,98,7271/1500
900,0,83/5,14/15,1,14/45,18,9000,98,98,5771/1500
900,1/4,83/5,14/15,1,14/45,18,9000,98,98,3073/750
900,1/2,83/5,14/15,1,14/45,18,9000,98,98,6521/1500
900,3/4,83/5,14/15,1,14/45,18,9000,98,98,1724/375
525,0,83/5,8/5,1,8/15,18,42000,123,98,5771/1500
525,1/4,83/5,8/5,1,8/15,18,42000,123,98,3073/750
525,1/2,83/5,8/5,1,8/15,18,42000,123,98,6521/1500
525,3/4,83/5,8/5,1,8/15,18,42000,123,98,1724/375
525,1,83/5,8/5,1,8/15,18,42000,123,98,7271/1500
525,5/4,83/5,8/5,1,8/15,18,42000,123,98,3823/750
175,0,83/5,24/5,1,8/5,18,42000,123,98,5771/1500
175,1/4,83/5,24/5,1,8/5,18,42000,123,98,3073/750
175,1/2,83/5,24/5,1,8/5,18,42000,123,98,6521/1500
175,3/4,83/5,24/5,1,8/5,18,42000,123,98,1724/375
175,1,83/5,24/5,1,8/5,18,42000,123,98,7271/1500
175,5/4,83/5,24/5,1,8/5,18,42000,123,98,3823/750
675,0,83/5,56/45,1,56/135,18,54000,123,98,5771/1500
675,1/4,83/5,56/45,1,56/135,18,54000,123,98,3073/750
675,1/2,83/5,56/45,1,56/135,18,54000,123,98,6521/1500
675,3/4,83/5,56/45,1,56/135,18,54000,123,98,1724/375
675,1,83/5,56/45,1,56/135,18,54000,123,98,7271/1500
675,5/4,83/5,56/45,1,56/135,18,54000,123,98,3823/750
1000,0,83/5,21/25,1,7/25,18,3000,98,98,5771/1500
1000,1/4,83/5,21/25,1,7/25,18,3000,98,98,3073/750
1000,1/2,83/5,21/25,1,7/25,18,3000,98,98,6521/1500
1000,3/4,83/5,21/25,1,7/25,18,3000,98,98,1724/375
875,0,83/5,24/25,1,8/25,18,42000,123,98,5771/1500
875,1/4,83/5,24/25,1,8/25,18,42000,123,98,3073/750
875,1/2,83/5,24/25,1,8/25,18,42000,123,98,6521/1500
875,3/4,83/5,24/25,1,8/25,18,42000,123,98,1724/375
850,0,83/5,84/85,1,28/85,18,51000,98,98,5771/1500
850,1/4,83/5,84/85,1,28/85,18,51000,98,98,3073/750
850,1/2,83/5,84/85,1,28/85,18,51000,98,98,6521/1500
850,3/4,83/5,84/85,1,28/85,18,51000,98,98,1724/375
850,1,83/5,84/85,1,28/85,18,51000,98,98,7271/1500
825,0,83/5,56/55,1,56/165,18,66000,123,98,5771/1500
825,1/4,83/5,56/55,1,56/165,18,66000,123,98,3073/750
825,1/2,83/5,56/55,1,56/165,18,66000,123,98,6521/1500
825,3/4,83/5,56/55,1,56/165,18,66000,123,98,1724/375
825,1,83/5,56/55,1,56/165,18,66000,123,98,7271/1500
275,0,83/5,168/55,14/11,56/55,18,66000,123,98,5771/1500
275,1/4,83/5,168/55,14/11,56/55,18,66000,123,98,3073/750
275,1/2,83/5,168/55,14/11,56/55,18,66000,123,98,6521/1500
275,3/4,83/5,168/55,14/11,56/55,18,66000,123,98,1724/375
275,1,83/5,168/55,14/11,56/55,18,66000,123,98,7271/1500
275,5/4,83/5,168/55,14/11,56/55,18,66000,123,98,3823/750
275,3/2,83/5,168/55,14/11,56/55,18,66000,123,98,8021/1500
950,0,83/5,84/95,1,28/95,18,57000,98,98,5771/1500
950,1/4,83/5,84/95,1,28/95,18,57000,98,98,3073/750
950,1/2,83/5,84/95,1,28/95,18,57000,98,98,6521/1500
950,3/4,83/5,84/95,1,28/95,18,57000,98,98,1724/375
325,0,83/5,168/65,98/65,56/65,18,78000,123,98,5771/1500
325,1/4,83/5,168/65,98/65,56/65,18,78000,123,98,3073/750
325,1/2,83/5,168/65,98/65,56/65,18,78000,123,98,6521/1500
325,3/4,83/5,168/65,98/65,56/65,18,78000,123,98,1724/375
325,1,83/5,168/65,98/65,56/65,18,78000,123,98,7271/1500
325,5/4,83/5,168/65,98/65,56/65,18,78000,123,98,3823/750
325,3/2,83/5,168/65,98/65,56/65,18,78000,123,98,8021/1500
325,7/4,83/5,168/65,98/65,56/65,18,78000,123,98,2099/375
975,0,83/5,56/65,1,56/195,18,78000,123,98,5771/1500
975,1/4,83/5,56/65,1,56/195,18,78000,123,98,3073/750
975,1/2,83/5,56/65,1,56/195,18,78000,123,98,6521/1500
975,3/4,83/5,56/65,1,56/195,18,78000,123,98,1724/375
425,0,83/5,168/85,154/85,56/85,18,102000,123,98,5771/1500
425,1/4,83/5,168/85,154/85,56/85,18,102000,123,98,3073/750
425,1/2,83/5,168/85,154/85,56/85,18,102000,123,98,6521/1500
425,3/4,83/5,168/85,154/85,56/85,18,102000,123,98,1724/375
425,1,83/5,168/85,154/85,56/85,18,102000,123,98,7271/1500
425,5/4,83/5,168/85,154/85,56/85,18,102000,123,98,3823/750
425,3/2,83/5,168/85,154/85,56/85,18,102000,123,98,8021/1500
425,7/4,83/5,168/85,154/85,56/85,18,102000,123,98,2099/375
425,2,83/5,168/85,154/85,56/85,18,102000,123,98,8771/1500
575,0,83/5,168/115,1,56/115,18,138000,123,98,5771/1500
575,1/4,83/5,168/115,1,56/115,18,138000,123,98,3073/750
575,1/2,83/5,168/115,1,56/115,18,138000,123,98,6521/1500
575,3/4,83/5,168/115,1,56/115,18,138000,123,98,1724/375
575,1,83/5,168/115,1,56/115,18,138000,123,98,7271/1500
475,0,83/5,168/95,1,56/95,18,114000,123,98,5771/1500
475,1/4,83/5,168/95,1,56/95,18,114000,123,98,3073/750
475,1/2,83/5,168/95,1,56/95,18,114000,123,98,6521/1500
475,3/4,83/5,168/95,1,56/95,18,114000,123,98,1724/375
475,1,83/5,168/95,1,56/95,18,114000,123,98,7271/1500
725,0,83/5,168/145,154/145,56/145,18,174000,123,98,5771/1500
725,1/4,83/5,168/145,154/145,56/145,18,174000,123,98,3073/750
725,1/2,83/5,168/145,154/145,56/145,18,174000,123,98,6521/1500
725,3/4,83/5,168/145,154/145,56/145,18,174000,123,98,1724/375
725,1,83/5,168/145,154/145,56/145,18,174000,123,98,7271/1500
775,0,83/5,168/155,1,56/155,18,186000,123,98,5771/1500
775,1/4,83/5,168/155,1,56/155,18,186000,123,98,3073/750
775,1/2,83/5,168/155,1,56/155,18,186000,123,98,6521/1500
775,3/4,83/5,168/155,1,56/155,18,186000,123,98,1724/375
775,1,83/5,168/155,1,56/155,18,186000,123,98,7271/1500
925,0,83/5,168/185,1,56/185,18,222000,123,98,5771/1500
925,1/4,83/5,168/185,1,56/185,18,222000,123,98,3073/750
925,1/2,83/5,168/185,1,56/185,18,222000,123,98,6521/1500
925,3/4,83/5,168/185,1,56/185,18,222000,123,98,1724/375
